step,elapsed_s,loss,best,recon,kl_dyn,kl_reg,lr
0,0.6,4828.592760280327,4828.592760280327,48275.891675992556,1.00068027443356,0.5757306085692512,0.000499999462655068
1,0.9,3541.833149101999,3541.833149101999,35408.15246995021,1.0145692825317383,0.6243941916359795,0.0004999978506226287
2,1.1,3353.7163579640564,3353.7163579640564,33526.614234722736,1.0493078585024234,1.132249837672269,0.0004999951639097536
3,1.3,4000.5601235848885,3353.7163579640564,39994.91873667417,1.0624864057258323,1.1012583601254005,0.0004999914025282278
4,1.5,4922.343040612009,3353.7163579640564,49196.43115209209,2.661701378998933,7.636552157225432,0.0004999865664945505
5,1.8,560.9962050605703,560.9962050605703,5589.067693735714,2.0639593071407742,5.095257368904573,0.000499980655829935
6,2.0,1312.311374116827,560.9962050605703,13093.17562467798,2.9648698744950472,5.7837556506748555,0.0004999736705603083
7,2.2,878.8506743422261,560.9962050605703,8705.535087828282,8.196850140889486,20.058420959446167,0.0004999656107163112
8,2.4,1102.5284803752545,560.9962050605703,10953.23119662095,7.123641667542635,16.339667295416195,0.0004999564763332982
9,2.6,2834.6519856320488,560.9962050605703,28247.881304810446,9.749095223568103,22.95792661883213,0.0004999462674513371
10,2.8,6609.533136297156,560.9962050605703,66010.4495101378,8.321303835621586,33.33627766591531,0.0004999349841152092
11,3.0,7119.029403549654,560.9962050605703,70971.92513992224,21.422060666260897,82.89997394658901,0.0004999226263744085
12,3.2,443.12289405752114,443.12289405752114,4347.3920376808555,8.227357939437583,31.267167072053308,0.0004999091942831422
13,3.5,7722.90280146069,443.12289405752114,77055.21124050353,16.652365706585073,145.84717862473593,0.0004998946879003301
14,3.7,3770.0668436686196,443.12289405752114,37587.8255378615,10.628815430181998,131.079964503094,0.0004998791072896042
15,3.9,1978.6180346321178,443.12289405752114,19694.332056641026,8.819032664652225,73.15036049374828,0.0004998624525193088
16,4.1,3696.845119860437,443.12289405752114,36866.88072893134,9.599791999216434,111.44582127972886,0.0004998447236624997
17,4.3,2451.1112575177794,443.12289405752114,24383.952657726626,12.121657455409014,118.85561543040805,0.0004998259207969444
18,4.5,846.2682129100517,443.12289405752114,8385.031725312825,7.437664226249412,65.47193418056877,0.0004998060440051215
19,4.7,4095.6187816107713,443.12289405752114,40827.04095210908,12.359567589230007,111.02332124003658,0.0004997850933742203
20,4.9,5915.363099910594,443.12289405752114,58993.50472167024,15.18459341702638,165.58788248344703,0.0004997630689961406
21,5.1,3641.2921321303756,443.12289405752114,36270.69622810682,13.499852613166526,144.51199067521978,0.000499739970967492
22,5.3,4464.810077534781,443.12289405752114,44516.01462836398,12.39385993833895,162.92905543910132,0.0004997157993895938
23,5.5,2621.178113076422,443.12289405752114,26096.121225336083,11.072864033557751,98.65513081462295,0.0004996905543684743
24,5.7,1660.1370370432182,443.12289405752114,16472.762998420883,12.570111173170584,58.129854832534434,0.0004996642360148705
25,5.9,5996.6785835645815,443.12289405752114,59743.91582331006,21.142375782684045,228.8572107862543,0.0004996368444442279
26,6.1,3263.033322321044,443.12289405752114,32505.23582409267,11.898326185014513,122.2830744838273,0.0004996083797766989
27,6.3,6072.077780577872,443.12289405752114,60495.8144031741,21.278711054060196,243.51239565125218,0.0004995788421371436
28,6.6,3294.967469935064,443.12289405752114,32819.89009272169,12.379590851289255,119.7720143839165,0.0004995482316551287
29,6.8,5910.749103802222,443.12289405752114,58930.37140224267,16.591796018459178,224.0442065132989,0.0004995165484649266
30,7.0,8295.889956147583,443.12289405752114,82729.25131222385,21.526594824261135,287.63734180838975,0.0004994837927055152
31,7.2,751.7665087161241,443.12289405752114,7431.283034778304,8.365884321707266,54.46463301225945,0.0004994499645205775
32,7.4,1104.5982205514554,443.12289405752114,10962.87518030074,8.161942654185825,29.74794891145494,0.0004994150640585002
33,7.6,3418.993917685968,443.12289405752114,33973.78800155829,20.97919445567661,127.18321987655428,0.000499379091472374
34,7.8,2911.35752636415,443.12289405752114,28914.511126384692,19.348187411272967,111.62309360614529,0.0004993420469199923
35,8.0,798.8689308872929,443.12289405752114,7897.153485490217,8.96846099253054,37.02417156872926,0.0004993039305638505
36,8.2,1411.563007738855,443.12289405752114,14036.592716413516,7.6678265068266125,47.173389158867025,0.0004992647425711457
37,8.4,6822.889754970868,443.12289405752114,67958.57746899017,25.665340851854396,273.3356355605302,0.0004992244831137754
38,8.6,5259.47589064086,443.12289405752114,52408.61181349997,17.550236309016192,212.87326699274558,0.0004991831523683374
39,8.8,3037.6427498835105,443.12289405752114,30211.616049779786,15.854511706917375,125.3299297866998,0.0004991407505161287
40,9.0,864.8589234263809,443.12289405752114,8598.106635624612,4.926562300434819,24.337853542080634,0.0004990972777431443
41,9.2,2607.9612138094726,443.12289405752114,25918.012586199577,15.596186682030007,112.73146946783419,0.0004990527342400773
42,9.4,3515.512843639762,443.12289405752114,34995.498595574936,15.254085019782737,141.75454453185753,0.0004990071202023172
43,9.7,3783.46020924162,443.12289405752114,37689.3165660644,13.756537746500086,154.37443469188833,0.0004989604358299495
44,9.9,2499.6041585427743,443.12289405752114,24887.598602007936,10.28138871104629,112.60723339628291,0.0004989126813277546
45,10.1,2683.93433687422,443.12289405752114,26715.555156385457,11.900690670366641,95.6069445963259,0.0004988638569052073
46,10.3,1162.0763385251716,443.12289405752114,11540.690111589653,7.727889564302233,55.8826405648832,0.0004988139627764753
47,10.5,2953.467629282563,443.12289405752114,29426.668560308437,10.252675590691743,109.56362999589355,0.0004987629991604186
48,10.7,701.289299081873,443.12289405752114,6945.565879355978,6.578017632166545,30.937593972241437,0.0004987109662805886
49,10.9,4043.388881630368,443.12289405752114,40317.116198441494,10.901231898201836,155.22902207904392,0.000498657864365227
50,11.1,638.5866624425959,443.12289405752114,6328.905211205835,5.565303418371412,26.170962161488003,0.0004986036936472648
51,11.3,611.5408635007011,443.12289405752114,6061.641271081236,5.244988353164108,26.346760752024473,0.0004985484543643211
52,11.5,4965.8619868578735,443.12289405752114,49334.71838927324,31.53805728311892,170.3955792453554,0.0004984921467587026
53,11.7,831.7421835793389,443.12289405752114,8230.400847329585,8.48101579259943,44.21516390200014,0.000498434771077402
54,12.0,6938.048019660844,443.12289405752114,69070.55897329251,29.698666607892072,258.66263192229803,0.0004983763275720971
55,12.2,2728.407791746987,443.12289405752114,27172.720558119592,10.661030420550594,94.93080712247777,0.0004983168164991497
56,12.4,3101.7182521687614,443.12289405752114,30885.953422708644,12.49240944120619,126.07314250204298,0.0004982562381196043
57,12.6,1889.040690170394,443.12289405752114,18806.099743341958,8.05496386245445,75.12632757646067,0.0004981945926991876
58,12.8,2718.734657230201,443.12289405752114,27025.505412984778,15.629775987731087,110.86036640626413,0.0004981318805083063
59,13.0,3441.798675444391,443.12289405752114,34218.98702480616,19.24986196005786,129.99946994362054,0.000498068101822047
60,13.2,4640.135981122653,443.12289405752114,46224.911010815034,16.81656587565387,165.64679503440857,0.0004980032569201741
61,13.4,3663.319331014598,443.12289405752114,36495.39894519691,13.139192629743505,128.03416985052604,0.000497937346087129
62,13.7,1139.8349797019252,443.12289405752114,11325.384988247244,7.031350859889278,53.018888526492645,0.0004978703696120289
63,13.9,569.6613040456066,443.12289405752114,5657.7633131102275,3.781339751349555,20.726285404629177,0.0004978023277886654
64,14.1,5820.564085223056,443.12289405752114,58003.16573136769,19.191788911819458,211.15680107805463,0.0004977332209155033
65,14.3,553.6788966788185,443.12289405752114,5482.384202929006,5.3544084495968285,17.212622872105353,0.0004976630492956792
66,14.5,661.9601639553352,443.12289405752114,6560.910845161036,5.74614342936763,24.58372543917762,0.000497591813237
67,14.7,760.0654866783707,443.12289405752114,7536.064826417853,6.311516412982234,29.49056311448415,0.0004975195130519419
68,14.9,4865.302371771248,443.12289405752114,48443.602473798725,20.072658344551368,173.8737504835482,0.0004974461490576491
69,15.1,3559.7854562953667,443.12289405752114,35442.95383752772,14.817066408969739,134.5619731037705,0.0004973717215759317
70,15.3,456.92210842944957,443.12289405752114,4518.756183240149,4.945887256551672,20.121535610269618,0.0004972962309332652
71,15.5,2387.9165660407807,443.12289405752114,23747.9837231189,12.651889739213166,93.23990985199258,0.0004972196774607884
72,15.7,847.4422746455228,443.12289405752114,8409.649908196043,6.339911160645662,27.470273185659337,0.0004971420614943025
73,15.9,3589.6855760636154,443.12289405752114,35754.87683130635,13.490393175019157,141.5063703280908,0.0004970633833742688
74,16.1,455.96892240312366,443.12289405752114,4507.485569468251,5.107417720335501,22.587011959817673,0.0004969836434458082
75,16.3,3016.746017076351,443.12289405752114,30051.347909337943,11.071258253521389,107.92647459330382,0.0004969028420586992
76,16.6,650.3648038307825,443.12289405752114,6405.203347738142,9.70828883294706,27.238945228082162,0.0004968209795673758
77,16.8,5058.765082986267,443.12289405752114,50281.958862029845,29.836153864860535,146.55941740671793,0.0004967380563309272
78,17.0,3434.875625650088,443.12289405752114,34166.11986377504,17.57339609110797,138.01623434490628,0.0004966540727130952
79,17.2,2160.2948411526504,443.12289405752114,21464.258930086537,13.511734560683921,71.4329023361206,0.0004965690290822732
80,17.5,1488.4684570939453,443.12289405752114,14804.461864011155,7.740376295866789,56.36149020989736,0.000496482925811504
81,17.7,5825.150262183613,443.12289405752114,58011.40321765785,23.0012248577895,201.72813056133413,0.0004963957632784787
82,17.9,3338.455558370661,443.12289405752114,33245.59412747511,13.241609851519266,130.87458041862206,0.0004963075418655348
83,18.1,741.4307203910969,443.12289405752114,7323.426026741112,8.98222455713484,21.178455034891766,0.0004962182619596548
84,18.4,494.1556668281555,443.12289405752114,4881.2034084587185,5.897362722290887,27.591350317001343,0.0004961279239524637
85,18.6,3830.4921632828537,443.12289405752114,37980.11776408553,31.861921345746076,123.70899807965314,0.0004960365282402284
86,18.8,4541.343499099767,443.12289405752114,45267.06240486492,13.881710078981188,151.09359859537196,0.0004959440752238551
87,19.0,4283.745457437303,443.12289405752114,42585.05384915405,24.560743433457834,135.85995174778833,0.0004958505653088881
88,19.2,611.2724692424139,443.12289405752114,6054.689074127762,5.678045158033018,25.09995354987957,0.0004957559989055075
89,19.4,7994.629333164957,443.12289405752114,79690.49122761024,24.06972438317758,302.0365836399573,0.000495660376428528
90,19.7,3138.532479577594,443.12289405752114,31229.184223418433,15.079890895772863,106.82100126478407,0.0004955636982973963
91,20.0,913.2588658641886,443.12289405752114,9044.452544308371,8.587095507869014,45.29992472683942,0.0004954659649361903
92,20.3,3126.130444080741,443.12289405752114,31132.1799785561,12.42208508208946,98.02923669638457,0.000495367176773616
93,20.6,1092.35713132664,443.12289405752114,10864.140899885584,5.732914094571714,42.0235169728597,0.0004952673342430068
94,20.8,6789.935231985869,443.12289405752114,67696.43982631741,19.158594400794417,226.52820352271752,0.0004951664377823209
95,21.0,3194.8765987820098,443.12289405752114,31802.28352970216,14.099265297253927,109.77944377616599,0.0004950644878341395
96,21.2,4512.366169752898,443.12289405752114,44951.62947695785,16.232635851259584,194.11560160142403,0.0004949614848456651
97,21.4,3316.9247001895196,443.12289405752114,33013.01557261083,14.965743060465213,131.50152133129262,0.0004948574292687189
98,21.6,5812.486087534163,443.12289405752114,57960.14538378738,15.275089921774688,239.2676061877498,0.0004947523215597398
99,21.8,2932.1064860953225,443.12289405752114,29199.890594343346,11.552470366160074,112.9641868185114,0.0004946461621797815
100,22.0,5528.626793309494,443.12289405752114,55091.18158333721,18.440086479540224,213.70410452065644,0.000494538951594511
101,22.2,1546.1106949514813,443.12289405752114,15383.65892931819,7.50539023787887,47.87118712177983,0.0004944306902742064
102,22.4,661.710977797155,443.12289405752114,6559.41401120358,5.66455324490865,21.001241551505196,0.0004943213786937549
103,22.7,773.6208848909096,443.12289405752114,7680.1922832611535,5.457567391572176,28.81313682043994,0.0004942110173326505
104,22.9,653.0553087084381,443.12289405752114,6472.336525508651,5.708573164763274,22.613555369553744,0.000494099606674992
105,23.1,868.4642267845295,443.12289405752114,8625.194680142182,5.785570603829843,31.832555881252997,0.0004939871472094814
106,23.3,2778.916550755501,443.12289405752114,27664.364504212583,11.990463508499992,97.9120482162193,0.0004938736394294206
107,23.6,1656.3836014623996,443.12289405752114,16502.91982030427,5.8989664448632135,38.534225110654475,0.0004937590838327103
108,23.8,607.4765412586706,443.12289405752114,6025.81196451739,4.816505833908364,15.766113228268093,0.0004936434809218475
109,24.0,1976.9242394500309,443.12289405752114,19685.860488463884,8.029764934822365,61.66233100714507,0.0004935268312039231
110,24.3,582.024026133396,443.12289405752114,5776.132622885483,4.313015112170467,19.546261451862478,0.0004934091351906198
111,24.5,1629.8640671571095,443.12289405752114,16220.160671174526,7.622656367443226,45.063298534463954,0.0004932903933982099
112,24.7,704.6601370528892,443.12289405752114,6999.526336548505,4.581840762385616,25.13457859887017,0.000493170606347553
113,24.9,2037.6146343284183,443.12289405752114,20285.156433890264,8.779002750361407,63.98608771076909,0.0004930497745640938
114,25.1,2800.180251258391,443.12289405752114,27916.890624708598,8.154466152191162,67.32830701933966,0.0004929278985778595
115,25.3,612.1407316128413,443.12289405752114,6079.086934691778,4.13266134262085,19.871673663457234,0.0004928049789234577
116,25.6,1945.2309292863918,443.12289405752114,19377.73221802877,7.171982632742988,57.11714902630559,0.0004926810161400744
117,25.8,637.7207010984421,443.12289405752114,6331.519355142558,4.448987086613973,23.957965559429592,0.000492556010771471
118,26.0,3207.4971587834534,443.12289405752114,31964.494161529674,10.736928900082907,62.124251144903674,0.000492429963365982
119,26.2,3461.2572729631706,443.12289405752114,34533.70800864586,7.542005371164392,68.9252322073336,0.0004923028744765131
120,26.4,2601.3328660726547,443.12289405752114,25934.65184157866,7.495766657370108,74.37446222481904,0.0004921747446605384
121,26.6,3358.603886096566,443.12289405752114,33494.184262214985,8.854071374292728,66.23448474318893,0.0004920455744800977
122,26.8,3323.422069236084,443.12289405752114,33158.68786194645,7.212435598726626,68.09582049758346,0.000491915364501795
123,27.0,6850.445011960135,443.12289405752114,68370.98982194507,12.634676544754594,142.2674010594686,0.0004917841152967947
124,27.3,1493.94525928409,443.12289405752114,14844.233865615946,9.261935984646833,51.9811026873412,0.00049165182744082
125,27.5,516.2258818149567,443.12289405752114,5117.895090219599,4.3705253292013095,13.168767593525073,0.0004915185015141504
126,27.7,5585.364371582314,443.12289405752114,55742.19472476288,10.46674343391701,135.61547003851996,0.0004913841381016184
127,27.9,848.0392151452877,443.12289405752114,8411.517171232788,6.746940652529399,28.1105832612073,0.0004912487377926078
128,28.1,640.456833631904,443.12289405752114,6341.545140742704,6.166475843500208,27.16857059796651,0.0004911123011810506
129,28.3,3228.6720027217157,443.12289405752114,32199.477262123866,8.29620310112282,85.61482528403953,0.0004909748288654245
130,28.5,1461.6583541587547,443.12289405752114,14537.664642417873,7.69631126191881,39.1135387244048,0.0004908363214487502
131,28.8,698.5377222078818,443.12289405752114,6923.598283669463,6.020375079578823,31.49773210949368,0.0004906967795385892
132,29.0,3084.0975807772743,443.12289405752114,30758.542440140136,7.853399696173491,77.9955306229768,0.0004905562037470405
133,29.2,392.01328814029694,392.01328814029694,3881.447310305856,3.793915130473949,14.927761563548335,0.0004904145946907383
134,29.5,1434.3569856043216,392.01328814029694,14273.423781043954,6.825685761593006,37.776660195103396,0.0004902719529908491
135,29.7,571.8903431053515,392.01328814029694,5664.586146376199,5.294830874160484,27.377225752230043,0.0004901282792730693
136,29.9,3961.942862316414,392.01328814029694,39517.63444142375,9.766238919010869,82.5959890241976,0.0004899835741676221
137,30.1,587.7784246603647,392.01328814029694,5819.269152333891,5.7174289579744695,26.811799782293814,0.0004898378383092549
138,30.3,3755.507150853122,392.01328814029694,37468.96544579444,8.209538406795925,80.1611316204071,0.0004896910723372366
139,30.5,4466.3615642918485,392.01328814029694,44557.09537225741,10.106188235459504,109.16933110908225,0.0004895432768953542
140,30.7,2329.8721452774826,392.01328814029694,23205.91508188623,8.86646337862368,82.82517921483075,0.0004893944526319112
141,30.9,3256.032678158195,392.01328814029694,32469.261918736276,8.696548360365409,81.98762678217005,0.0004892446001997235
142,31.1,2996.437392512957,392.01328814029694,29863.77461411997,9.451383056464019,121.70657114629392,0.000489093720256117
143,31.3,6725.2654679174775,392.01328814029694,67106.43859452175,13.68468709345217,187.35008520550198,0.0004889418134629252
144,31.5,5091.885548785881,392.01328814029694,50736.539723406786,17.23976677435416,198.32098156434517,0.0004887888804864855
145,31.7,4535.601548499531,392.01328814029694,45258.91365697538,9.10286968725699,121.40954616334703,0.0004886349219976367
146,32.0,1862.6849151496533,392.01328814029694,18558.19129642237,6.55164153487594,62.810074426509715,0.0004884799386717162
147,32.2,2947.453587735141,392.01328814029694,29356.426551142224,11.126894553502401,136.78090592666908,0.0004883239311885565
148,32.4,987.0399474656141,392.01328814029694,9801.42462018905,6.70240150557624,39.0087254135697,0.00048816690023248296
149,32.6,3923.019527161563,392.01328814029694,39095.130823563646,12.704008989863926,160.49472034419026,0.0004880088464923102
150,32.9,3039.483888639344,392.01328814029694,30274.675258977546,11.323956229068616,138.44613241266322,0.00048784977066133894
151,33.1,3550.1571062714966,392.01328814029694,35330.11667678533,16.27261760499742,174.55008551809522,0.00048768967343735387
152,33.3,2595.9259326148917,392.01328814029694,25853.702449427157,9.929959504692643,125.11457979237592,0.0004875285555226197
153,33.5,2674.9618384308287,392.01328814029694,26601.22144123912,14.105079213778177,146.9002043582775,0.0004873664176238784
154,33.7,1295.687032032896,392.01328814029694,12856.000674987281,9.812795444771096,54.82791777010317,0.000487203260452346
155,33.9,2071.737407604853,392.01328814029694,20632.60637326704,7.7851453710485385,138.3106942883244,0.00048703908472370986
156,34.1,3114.1209725450585,392.01328814029694,30961.457634207825,17.111094139240407,172.81275515203123,0.00048687389115812497
157,34.3,3697.5740203150995,392.01328814029694,36811.30871962231,15.36393701588666,215.8437330369596,0.0004867076804802111
158,34.5,2397.565786021727,392.01328814029694,23822.25767147872,14.546537249176591,158.65806187523737,0.00048654045341904963
159,34.7,3233.7466154275116,392.01328814029694,32159.899933702414,16.4093408231382,269.4545275281977,0.00048637221070818034
160,34.9,1630.1091695052605,392.01328814029694,16180.285797672139,11.4780396355523,120.50255098166289,0.00048620295308559794
161,35.1,2136.9620516167747,392.01328814029694,21239.249041185885,12.168780657980177,173.66412498332835,0.0004860326812937493
162,35.3,771.5886993628961,392.01328814029694,7667.364673539721,4.65005577493597,40.43400923411051,0.00048586139607952966
163,35.5,1697.8273136350845,392.01328814029694,16866.114808235456,10.674160657105622,108.33226703714442,0.0004856890981942799
164,35.7,2929.668698862747,392.01328814029694,29086.882457869473,19.576731081362123,280.7414894633823,0.00048551578839378277
165,35.9,473.5647603052634,392.01328814029694,4684.048026401136,5.035532063908047,24.886001993108678,0.00048534146743825984
166,36.1,1425.2416984990791,392.01328814029694,14162.651198154797,8.43593058321211,108.1340206110919,0.00048516613609236815
167,36.4,1319.5148752486264,392.01328814029694,13068.226505499195,12.344351909778736,69.57298856311374,0.00048498979512519676
168,36.6,778.4540136125353,392.01328814029694,7702.02636847783,8.029552106504086,44.36601473667003,0.0004848124453102633
169,36.8,1738.4600243965785,392.01328814029694,17071.754933055905,30.41987067240256,172.93791857472172,0.00048463408742551096
170,37.0,3121.9024554181983,392.01328814029694,30989.29697343045,21.246940696680987,345.14033057071543,0.0004844547222533047
171,37.2,945.5754009794306,392.01328814029694,9372.789837603215,7.98731772546415,61.82029131606773,0.0004842743505804278
172,37.4,3904.150668002941,392.01328814029694,38789.538502509946,22.83317361496113,472.70947154362995,0.0004840929731980787
173,37.6,1121.1387276075504,392.01328814029694,11103.409951692378,10.11693388444406,136.15217449046946,0.0004839105909018675
174,37.8,944.5212615463469,392.01328814029694,9355.381452129395,8.769289091781333,42.75916282335917,0.000483727204491812
175,38.0,1374.030267296014,392.01328814029694,13594.444136571,13.816395711015772,153.87937822165313,0.0004835428147723348
176,38.2,1691.6284004229087,392.01328814029694,16761.2885186032,14.349327241932905,230.05153703689575,0.00048335742255225926
177,38.4,2074.771314775502,392.01328814029694,20581.041969333535,15.320683978222034,269.27372300183333,0.00048317102864480665
178,38.6,851.5703826789503,392.01328814029694,8452.583102901777,6.010872584802133,60.2414005862342,0.00048298363386759153
179,38.8,630.9617404054712,392.01328814029694,6246.3071909497185,6.167809587937814,32.63948206548338,0.0004827952390426192
180,39.0,1514.9639693895977,392.01328814029694,15004.849437170558,13.452198968993294,205.37187053539134,0.0004826058449962816
181,39.3,485.1503977334058,392.01328814029694,4787.641691839805,6.219738783659758,33.297317760962024,0.0004824154525593536
182,39.5,850.5916031289984,392.01328814029694,8411.820678058046,9.096520335585982,62.59731263584561,0.00048222406256698963
183,39.7,552.0729039642546,392.01328814029694,5451.748506501593,6.720707151624891,35.46647081551728,0.00048203167585871975
184,39.9,3758.8880036053833,392.01328814029694,37328.17372934189,23.484703152268022,517.1741216712528,0.0004818382932784463
185,40.1,1641.9352636116523,392.01328814029694,16299.191893201183,11.264384870175961,150.331944765868,0.0004816439156744397
186,40.3,2112.44402537081,392.01328814029694,20925.77637599574,18.246721894652755,323.92108452761613,0.0004814485438993355
187,40.5,1029.1623109005116,392.01328814029694,10193.6521827562,8.79028065999349,201.3528519736396,0.0004812521788101297
188,40.7,1855.4467575947444,392.01328814029694,18395.16745799366,14.401095924554047,305.78524268115007,0.00048105482126817566
189,40.9,2979.7644317061813,392.01328814029694,29530.890480652175,22.882211411440814,758.6092412913287,0.0004808564721391802
190,41.1,1034.8026759977695,392.01328814029694,10256.183406615975,8.850286368970517,66.80730394963865,0.0004806571322931995
191,41.3,1520.08826288029,392.01328814029694,15085.78174096125,10.336592528555128,234.6949099169837,0.00048045680260463584
192,41.5,1556.9479043616188,392.01328814029694,15445.654278564232,11.318778589919761,212.73364533318414,0.00048025548395223307
193,41.7,2114.3581468926536,392.01328814029694,20977.350975794925,14.23988538759726,476.622668478224,0.0004800531772190733
194,41.9,954.3253463639153,392.01328814029694,9417.830597985674,11.045717906068873,299.31258217493695,0.00047984988329257295
195,42.1,1424.5218182051624,392.01328814029694,14123.17765322769,11.085675438245138,223.68206341178328,0.0004796456030644786
196,42.4,1437.3669072124694,392.01328814029694,14089.52781246768,25.41467085591069,599.8838229532595,0.00047944033743086323
197,42.6,1148.2109042052869,392.01328814029694,11332.316085403165,13.717168401788783,252.4270965081674,0.0004792340872921224
198,42.8,1115.4502371152241,392.01328814029694,11003.184751655217,12.533139718903435,519.7187353858242,0.00047902685355297013
199,43.0,928.1587946370796,392.01328814029694,9185.28379199792,8.696238531006706,186.82674875082793,0.00047881863712243483
200,43.2,949.567760321829,392.01328814029694,9374.535894679251,10.55110874440935,312.61050137767086,0.00047860943891385585
201,43.4,693.5554885201984,392.01328814029694,6863.608956130014,6.966632065949617,45.58454606268141,0.0004783992598448787
202,43.6,1313.0329730731469,392.01328814029694,13020.617948815227,10.094158773069028,175.40220777193704,0.0004781881008374518
203,43.8,1202.441881360831,392.01328814029694,11888.479934491494,11.937272513354266,331.32264911686934,0.0004779759628178216
204,44.0,1190.6577548495045,392.01328814029694,11776.192476926026,11.461928486824036,315.3199274451644,0.00047776284671652953
205,44.2,970.3762074267423,392.01328814029694,9625.231063036455,7.287487542187726,113.1185782485538,0.00047754875346840686
206,44.4,1656.9006161027485,392.01328814029694,16429.26856357411,12.384626083903843,317.8302953508165,0.00047733368401257144
207,44.6,2055.910813327189,392.01328814029694,20313.828947289676,20.363878501786125,832.7953636204755,0.00047711763929242303
208,44.8,1171.3620863976303,392.01328814029694,11569.982350958166,12.94701596984157,283.36465419663324,0.0004769006202556395
209,45.0,2199.3274626202056,392.01328814029694,21761.194313264004,19.300921515182214,781.4112854445422,0.00047668262785417254
210,45.2,1334.3776920724797,392.01328814029694,13165.472948923707,14.670748573762399,631.9218531184727,0.0004764636630442434
211,45.5,1122.3597746955024,392.01328814029694,11098.954141360742,10.701702546190333,352.51882959295205,0.0004762437267863391
212,45.7,754.2502688169479,392.01328814029694,7474.26613568487,6.58080428617972,48.57177154223124,0.0004760228200452074
213,45.9,1600.4041089305172,392.01328814029694,15855.483427131618,13.115231981983891,348.1016838285658,0.0004758009437898535
214,46.1,359.4027714950067,359.4027714950067,3546.4001862815135,4.628645446565416,26.820911398640387,0.0004755780989935352
215,46.3,641.0429149777801,359.4027714950067,6348.979764114375,5.90492085174278,47.9983170915533,0.00047535428663375866
216,46.5,1038.8010079904839,359.4027714950067,10275.324775039599,9.629946766076264,327.7146425158889,0.00047512950769227453
217,46.7,529.8361199078737,359.4027714950067,5233.558070403006,6.2220712326191085,51.643855280346344,0.00047490376315507314
218,47.0,356.97083112487087,356.97083112487087,3523.8110396735096,4.453523229669641,27.23752131285491,0.00047467705401238057
219,47.2,2817.3460475206375,356.97083112487087,27934.337735213063,19.74774592894095,832.9202310244242,0.00047444938125865393
220,47.4,397.26159965991974,356.97083112487087,3923.9590878006484,4.731260705877234,26.885137920026427,0.0004742207458925774
221,47.6,972.9677827843914,356.97083112487087,9646.860036336713,7.850224976186399,86.31109887582285,0.0004739911489170574
222,47.8,1218.462452535276,356.97083112487087,12058.868859099844,11.028291265169779,309.45824709645024,0.00047376059133921874
223,48.0,642.7772263156044,356.97083112487087,6371.938428128759,5.388980194374367,38.87654006039655,0.0004735290741703997
224,48.2,1578.4248512144443,356.97083112487087,15618.205660715976,13.400257874418187,640.800975146117,0.00047329659842614783
225,48.4,1538.5871553862537,356.97083112487087,15245.939663733045,12.500693109300402,298.4894182593734,0.00047306316512621556
226,48.6,1041.729200610408,356.97083112487087,10341.757740659294,6.607895175615947,189.09426728884378,0.0004728287752945555
227,48.8,2013.950751286966,356.97083112487087,19934.33011825438,16.922290205955505,719.0908894892092,0.00047259342995931614
228,49.1,1109.2072435220082,356.97083112487087,10921.104640164309,13.930835754783065,633.1766823397743,0.0004723571301528372
229,49.3,992.3880045237364,356.97083112487087,9806.12769967152,9.996463652010318,355.7513765758938,0.0004721198769116453
230,49.5,1714.852481228334,356.97083112487087,16945.593885022456,15.796467246832671,899.3027021090189,0.00047188167127644925
231,49.7,619.4606523072279,356.97083112487087,6140.649328247817,5.146784142211631,49.783677869372895,0.00047164251429213544
232,49.9,1557.0110278350335,356.97083112487087,15411.319682698559,13.061203007344846,563.5670682677517,0.0004714024070077634
233,50.1,1433.9095722922573,356.97083112487087,14191.382240613577,12.261887395823443,501.8861462186884,0.0004711613504765613
234,50.3,756.2193247697971,356.97083112487087,7495.868406943701,6.417793106149744,42.93431157535977,0.00047091934575592084
235,50.5,771.8582711175636,356.97083112487087,7639.732236863838,7.64313597590835,48.375229870831525,0.0004706763939073932
236,50.7,1219.1992809110218,356.97083112487087,12007.707500637682,15.473341098538151,591.028825600942,0.000470432495996684
237,50.9,591.0210172379458,356.97083112487087,5815.36253673666,7.8630278861081155,324.3483551784798,0.00047018765309364893
238,51.1,747.1149385814314,356.97083112487087,7334.902680664979,12.031012716116729,318.7296992142995,0.00046994186627228864
239,51.3,884.132771703932,356.97083112487087,8707.53510620307,11.596160610516867,356.62020468711853,0.0004696951366107443
240,51.5,1218.8820597242427,356.97083112487087,12078.000093193794,9.795401202307808,257.3150359612924,0.0004694474651912932
241,51.7,723.0675502927215,356.97083112487087,7172.096053313602,5.626427915361193,46.301697421956945,0.000469198853100343
242,51.9,1367.2540506875073,356.97083112487087,13501.763974748552,14.199893942585698,575.5493619000471,0.0004689493014284282
243,52.2,677.1712659729851,356.97083112487087,6709.6524103581905,5.865114759515833,68.17726081388967,0.0004686988112702045
244,52.4,1261.8023157870327,356.97083112487087,12493.706690951078,11.042919114783958,277.7351904268618,0.0004684473837244442
245,52.6,423.0821801070814,356.97083112487087,4177.223429567836,5.2083100919370295,30.304090164325856,0.00046819501989403154
246,52.8,1487.2965806016216,356.97083112487087,14669.193079008824,16.399263911777073,795.6013513317814,0.0004679417208859578
247,53.0,659.0137672336014,356.97083112487087,6497.218629209532,8.950235468369943,68.32787015702989,0.0004676874878113164
248,53.2,1476.649123955656,356.97083112487087,14586.86315268499,15.20630007761496,551.2961474524604,0.0004674323217852978
249,53.4,1090.2786391885193,356.97083112487087,10788.116851452876,9.417942916905439,409.799378156662,0.00046717622392718525
250,53.6,1156.6388828710274,356.97083112487087,11462.155931859657,9.183946304851109,247.86677985721164,0.0004669191953603491
251,53.8,1211.9990826624412,356.97083112487087,11958.261507219739,13.017490682778535,631.0841755778702,0.00046666123721224236
252,54.0,1182.9324188673938,356.97083112487087,11649.946995998975,14.068334062894186,773.8706456025442,0.0004664023506143959
253,54.2,1198.855806518484,356.97083112487087,11760.222536728063,19.694118557152926,627.8905309747767,0.0004661425367024128
254,54.4,1224.5222465153095,356.97083112487087,12064.454441792159,16.31747994599519,351.85943578790733,0.000465881796615964
255,54.6,853.9152156026275,356.97083112487087,8457.679608043973,7.205508969448231,188.33939430448743,0.00046562013149878314
256,54.8,1284.5017746333722,356.97083112487087,12693.237579253537,12.14719996628938,606.1584898365868,0.00046535754249866145
257,55.0,1112.2673886219661,356.97083112487087,10936.645151532635,15.076275088168957,705.3151271784747,0.0004650940307674427
258,55.2,392.96126571408024,356.97083112487087,3828.4567047390674,8.354669129406965,352.1822252803379,0.00046482959746101826
259,55.5,826.7239830758837,356.97083112487087,8175.455161088595,8.873930202590095,60.901326983063306,0.000464564243739322
260,55.7,520.5153517590629,356.97083112487087,5158.88472099547,4.4165385343410355,42.06714705184654,0.0004642979707663252
261,55.9,949.9558969956857,356.97083112487087,9420.420972269167,7.219344916167082,138.8942702876197,0.0004640307797100314
262,56.1,552.8801785221806,356.97083112487087,5480.51071418877,4.628040137114348,40.20847955456487,0.0004637626717424712
263,56.3,837.7776157326168,356.97083112487087,8285.061286400865,7.582466072506374,337.79638470543756,0.0004634936480396974
264,56.5,867.0109344853295,356.97083112487087,8549.075195712348,9.42914436923133,534.8512653598079,0.00046322370978177965
265,56.7,1294.6637704063344,356.97083112487087,12707.933629154608,18.22430474669845,1129.2245332311702,0.000462952858152799
266,56.9,507.96417527287093,356.97083112487087,4982.946433766021,8.044559050489354,324.9950814953557,0.00046268109434084335
267,57.1,822.104868972743,356.97083112487087,8148.226572589741,6.777629591800548,100.91455690949051,0.0004624084195380017
268,57.3,1336.63300661246,356.97083112487087,13162.0874028537,17.071571473722106,670.5335083184419,0.0004621348349403592
269,57.5,1035.733749879731,356.97083112487087,10213.949769583014,12.38929224897314,389.88873748426084,0.0004618603417479917
270,57.7,563.1335984512612,356.97083112487087,5542.708069389617,7.576289936348244,257.3004599412282,0.0004615849411649606
271,57.9,951.9182427900809,356.97083112487087,9338.720676024202,14.790929900275337,651.0458842295187,0.0004613086343993076
272,58.1,1393.0547115537856,356.97083112487087,13841.236447665426,8.527904572310272,80.62671324941847,0.00046103142266304945
273,58.4,1114.8121185965008,356.97083112487087,10991.51441282089,13.411433846862227,449.8457054826948,0.0004607533071721723
274,58.6,1161.267116771804,356.97083112487087,11495.907958751475,9.838644513377437,367.52622792455884,0.0004604742891466269
275,58.8,952.9939515016697,356.97083112487087,9361.38918404833,13.273985178382308,716.2061142568235,0.00046019436981032275
276,59.0,659.6692007691772,356.97083112487087,6503.968428559326,7.291597759282148,396.1498671637641,0.000459913550391123
277,59.2,950.0913509042175,356.97083112487087,9384.416855442854,9.354323669716164,459.0742075443268,0.000459631832120839
278,59.4,446.0192465384801,356.97083112487087,4381.430345405859,6.175399179811831,340.161917704123,0.00045934921623522494
279,59.6,787.8478090233273,356.97083112487087,7809.516144110097,6.607291486528185,57.77562795745002,0.0004590657039739724
280,59.8,888.6283103845738,356.97083112487087,8782.02576688677,8.94501773957853,296.1449487032714,0.0004587812965807048
281,60.0,1208.1461396261498,356.97083112487087,11955.125894404397,10.566129450444821,413.48418612833376,0.0004584959953029721
282,60.2,828.8633410444966,356.97083112487087,8229.203173159725,5.606356709091751,67.32990053847983,0.0004582098013922454
283,60.4,760.9997032086054,356.97083112487087,7531.3135252368675,7.583303151307283,57.01118619353683,0.000457922716103911
284,60.6,845.9561010334227,356.97083112487087,8386.290104660171,7.004846603782089,64.44599640810931,0.0004576347406972656
285,60.8,1125.4654124180477,356.97083112487087,11143.315236575074,9.137061375158805,399.35370177692835,0.0004573458764355103
286,61.0,750.5157807977112,356.97083112487087,7436.895088883186,6.554958250787523,54.25854863943877,0.00045705612458574483
287,61.3,301.46936259446323,301.46936259446323,2963.0406662016003,4.987968762715657,35.46384467018975,0.0004567654864189627
288,61.5,995.3645850066786,301.46936259446323,9836.771585295322,9.546334977503177,428.2061029275258,0.0004564739632100452
289,61.7,1222.3533388641144,301.46936259446323,12085.471344980377,11.799458026885986,401.3481235592454,0.0004561815562377555
290,61.9,1234.632068823885,301.46936259446323,12205.677469392065,11.061483983640317,600.5751608830911,0.0004558882667847339
291,62.1,993.5291477132727,301.46936259446323,9800.885180189929,11.865285917564675,315.06674765657493,0.00045559409613749117
292,62.3,708.2573191722234,301.46936259446323,7003.204046615296,7.670810646480984,53.214631954828896,0.00045529904558640395
293,62.5,808.4534257253011,301.46936259446323,8021.176560879306,5.957130334995411,75.72373579166553,0.00045500311642570815
294,62.7,844.9204579370993,301.46936259446323,8359.025343042282,7.577933801545037,287.9918496520431,0.00045470630995349384
295,62.9,823.6037304048185,301.46936259446323,8115.301374051858,10.228418941851016,369.0291259288788,0.00045440862747169955
296,63.1,1060.7166354479614,301.46936259446323,10497.344664050197,8.949686394797432,406.4920151057067,0.00045411007028610606
297,63.4,1510.0272678887402,301.46936259446323,14988.476448710318,9.64793767310955,306.3224640157488,0.0004538106397063315
298,63.6,886.4551348862825,301.46936259446323,8771.902460307987,7.73426385279055,306.1236618006671,0.00045351033704582475
299,63.8,1246.6837552874176,301.46936259446323,12304.951681064787,12.315870585264983,774.5351397373058,0.00045320916362186025
300,64.0,705.2006426740576,301.46936259446323,6993.015747764044,5.539232956038581,71.96657409491363,0.0004529071207555319
301,64.2,687.964626148895,301.46936259446323,6774.69768018441,8.511179248491922,396.73230772548254,0.00045260420977174756
302,64.4,561.0102515220642,301.46936259446323,5492.5054646159215,10.068592018551296,338.22006977045976,0.00045230043199922295
303,64.6,809.4502819246716,301.46936259446323,7992.755562830026,8.077114202358105,419.5259216538182,0.0004519957887704761
304,64.8,796.5783479037108,301.46936259446323,7903.794896852639,5.924472173055013,54.87667964122914,0.00045169028142182116
305,65.0,783.9457646166837,301.46936259446323,7760.664294204226,7.599773742534496,55.90701295711376,0.00045138391129336284
306,65.2,704.9579242776941,301.46936259446323,6991.570834522722,5.555876793684782,48.99765131208632,0.0004510766797289904
307,65.4,1424.0023905568653,301.46936259446323,14116.070153369395,10.502335936934859,378.60813705126446,0.0004507685880763719
308,65.6,567.0992200904423,301.46936259446323,5557.146446848357,9.919583916664124,292.9939458988331,0.0004504596376869479
309,65.8,661.7487858092344,301.46936259446323,6492.311873153404,10.40738907566777,422.04195263650684,0.0004501498299159261
310,66.0,908.488328633485,301.46936259446323,8973.099535682411,8.826318815902427,470.40865305618,0.0004498391661222749
311,66.2,918.354138996866,301.46936259446323,9113.907725615634,6.3386595249176025,124.93756822303489,0.00044952764766871767
312,66.4,893.718346397082,301.46936259446323,8791.592385474178,11.462626739784524,619.2905967323868,0.00044921527592172675
313,66.6,1373.2061144819966,301.46936259446323,13492.234897215609,18.377421299616497,1121.0341905046391,0.0004489020522515175
314,66.8,524.2142768082796,301.46936259446323,5151.504552968122,7.110558099216885,390.652446075722,0.00044858797803204204
315,67.1,736.5448594711445,301.46936259446323,7294.0609347842355,6.861685289276971,55.41544906298319,0.0004482730546409838
316,67.3,853.9556455568031,301.46936259446323,8391.508192001118,13.092043112825465,342.55154215848006,0.00044795728345975065
317,67.5,693.4953504491735,301.46936259446323,6847.280339227506,6.642105239408988,425.0367989981616,0.00044764066587346955
318,67.7,626.0280991704376,301.46936259446323,6169.84828945884,6.6766635576883955,473.3206976607994,0.00044732320327098025
319,67.9,821.3556603811405,301.46936259446323,8082.8810039949085,11.161989874309963,381.1093175058012,0.00044700489704482875
320,68.1,1032.9267742722122,301.46936259446323,10247.85526388994,7.769800689485338,74.28285740039966,0.00044668574859126205
321,68.3,767.3371016802611,301.46936259446323,7552.718675990899,8.896057671970791,633.8330981908022,0.00044636575931022147
322,68.5,600.0647945889721,301.46936259446323,5954.163661910428,4.46775120275992,36.13402538829379,0.00044604493060533654
323,68.7,753.7372961220918,301.46936259446323,7476.656662478215,5.842790824395639,45.76634718753673,0.00044572326388391876
324,68.9,325.110336444996,301.46936259446323,3206.4202107356655,4.336544478381121,26.352375525015372,0.0004454007605569559
325,69.1,619.5899678380401,301.46936259446323,6095.262871233402,7.59427645471361,493.87219917332686,0.00044507742203910526
326,69.3,794.3893235171282,301.46936259446323,7881.693871706172,5.915666708239803,60.85345123432301,0.00044475324974868776
327,69.5,634.5466365240238,301.46936259446323,6281.902242168784,6.096263748628122,52.031720329214025,0.0004444282451076818
328,69.7,829.7950077851614,301.46936259446323,8216.863299412584,7.74931142506776,71.87203496473806,0.0004441024095417166
329,69.9,1406.4340804285473,301.46936259446323,13858.905779940387,16.131717107914113,882.3620406874904,0.0004437757444800664
330,70.1,487.80775875515405,301.46936259446323,4809.6145717948675,6.6134038324709294,46.57494884067111,0.00044344825135564397
331,70.3,1000.0579042169783,301.46936259446323,9905.041251778603,7.711067906132451,368.54169611577635,0.0004431199316049944
332,70.6,1258.6978807316887,301.46936259446323,12454.624186196814,10.675547100879529,511.9814891285366,0.0004427907866682887
333,70.8,408.37443116417637,301.46936259446323,4039.9943277750303,4.241012763094019,26.796913782755535,0.0004424608179893177
334,71.0,1313.2723407347996,301.46936259446323,12966.994626077238,12.544600358715764,805.6532580852509,0.0004421300270154854
335,71.2,1462.0052189562057,301.46936259446323,14500.104937864675,10.054075404449746,388.1202116718999,0.0004417984151978027
336,71.4,1282.7808524414345,301.46936259446323,12609.802701458335,17.55481360135255,849.148552497228,0.00044146598399088155
337,71.6,689.8290794646299,301.46936259446323,6827.201077802865,5.729909415598269,275.8074451994013,0.00044113273485292764
338,71.8,1063.7998699788693,301.46936259446323,10507.775937547838,9.99817301608898,604.8187564478981,0.00044079866924573484
339,72.0,1232.9798380004036,301.46936259446323,12154.241965983752,15.121959293330157,486.72834338965237,0.0004404637886346783
340,72.2,866.008208071744,301.46936259446323,8555.636932025905,7.845400819072017,519.8147933041608,0.0004401280944887082
341,72.4,433.3340853540986,301.46936259446323,4290.674195604606,4.138745886308175,25.584525779441552,0.0004397915882803434
342,72.6,925.9057577274464,301.46936259446323,9176.863003649094,6.79134217898051,285.614066918691,0.0004394542714856646
343,72.8,911.7056386470795,301.46936259446323,8996.783639900663,9.594291192513925,486.59116903057804,0.0004391161455843084
344,73.0,733.1110663060789,301.46936259446323,7267.470342606858,6.084771566920811,55.84398889541626,0.0004387772120594605
345,73.2,889.5282444865616,301.46936259446323,8808.036728631016,7.4834969750157105,248.2111632205822,0.000438437472397849
346,73.4,1160.0144538128818,301.46936259446323,11429.535548622685,12.527842349476284,906.6042333885475,0.0004380969280897384
347,73.6,844.6085924837324,301.46936259446323,8326.604103101625,9.571434299151102,475.34703536386843,0.00043775558062892256
348,73.9,954.7486091543127,301.46936259446323,9404.53824424385,11.500220148651689,558.9128083299707,0.00043741343151271846
349,74.1,576.2666501160021,301.46936259446323,5656.8564744128125,8.827450924449497,350.70749686382436,0.0004370704822419596
350,74.3,712.4830789256979,301.46936259446323,7007.312502090578,9.085277398427328,533.312637673484,0.00043672673432098907
351,74.5,547.106525072345,301.46936259446323,5417.574021165018,5.175279626139888,34.768971407855,0.00043638218925765357
352,74.7,1033.8599646223915,301.46936259446323,10217.014948578897,9.848505819285357,461.9868043616966,0.00043603684856329634
353,74.9,744.650807124597,301.46936259446323,7286.852656364993,11.086484339502123,975.8106846014658,0.0004356907137527505
354,75.1,505.6274052946656,301.46936259446323,5012.60178150623,4.155555106975414,42.3310200020119,0.00043534378634433295
355,75.3,535.7255514330334,301.46936259446323,5225.507264305044,10.688936441032975,497.17207239292287,0.00043499606785983667
356,75.5,813.0455546643999,301.46936259446323,8020.026202351407,8.47925250618546,512.7285846604241,0.0004346475598245252
357,75.7,676.9089812216936,301.46936259446323,6659.671585506863,8.343816571765476,519.597835832172,0.0004342982637671253
358,75.9,855.8456987716534,301.46936259446323,8377.737589033666,13.512130017633792,911.9591066042582,0.0004339481812198204
359,76.1,743.1468044475273,301.46936259446323,7366.244324140526,6.218627934102659,60.741966265219226,0.0004335973137182438
360,76.3,715.0368172062767,301.46936259446323,7066.844784859154,8.055917002536633,59.27874568656639,0.000433245662801472
361,76.5,874.7708381237807,301.46936259446323,8679.782236432588,6.4564738317772195,67.22754714224074,0.00043289323001201795
362,76.7,705.0506724428247,301.46936259446323,6962.992446999859,6.833438573060213,383.5992598003811,0.00043254001689582434
363,76.9,632.9004635501791,301.46936259446323,6135.862837007477,15.199393656518724,822.9562688756872,0.00043218602500225676
364,77.2,514.7868577418504,301.46936259446323,5048.244306599652,7.1274030252739236,567.0050449459641,0.0004318312558840967
365,77.4,694.8189839654499,301.46936259446323,6841.787690529117,8.011006085960954,525.8399680808739,0.0004314757110975352
366,77.6,610.2760294101856,301.46936259446323,6009.987097426421,7.08256000942654,438.950880712933,0.00043111939220216554
367,77.8,543.9216286120592,301.46936259446323,5343.62270598969,8.0266561154966,306.5377692469844,0.0004307623007609768
368,78.0,792.7127762900459,301.46936259446323,7867.964988882894,5.644864510606836,54.27563878341957,0.0004304044383403466
369,78.2,528.1330466137993,301.46936259446323,5197.2882958311175,6.131233727490461,454.5955190570266,0.0004300458065100348
370,78.4,1181.8278829477451,301.46936259446323,11646.992761254862,14.447078824043274,536.3035304104841,0.00042968640684317593
371,78.6,655.3499694974334,301.46936259446323,6486.161787505779,6.446320357146086,57.49287725377966,0.00042932624091627294
372,78.8,353.0511239546317,301.46936259446323,3442.735864747178,6.133785402333295,528.7499242093828,0.00042896531030918954
373,79.0,821.1364710728327,301.46936259446323,8067.175214069861,10.161919090482924,851.4046954313914,0.0004286036166051441
374,79.2,705.9579976841255,301.46936259446323,6958.705748835923,7.468812337628117,523.712027532083,0.00042824116139070207
375,79.4,812.9387840209184,301.46936259446323,7975.8236457341245,10.72930704664301,925.4169801694376,0.0004278779462557695
376,79.6,734.4041015130503,301.46936259446323,7286.887823606531,5.442522561108625,54.555134040338025,0.0004275139727935856
377,79.8,784.4588040510813,301.46936259446323,7729.067024856254,8.63996238178677,582.4221347261358,0.00042714924260071603
378,80.0,485.49757013939046,301.46936259446323,4745.702690224404,8.052146443614253,575.0307524910679,0.00042678375727704584
379,80.2,661.919532082699,301.46936259446323,6391.591423359182,15.406556676935267,1470.7641905766945,0.0004264175184257725
380,80.5,964.8951477518788,301.46936259446323,9567.936525995532,6.532851559144479,313.7252597985444,0.00042605052765339876
381,80.7,457.0576183221958,301.46936259446323,4428.014809986784,11.391548465799403,572.9183464933325,0.00042568278656972573
382,80.9,1115.4793905814488,301.46936259446323,11041.148007086305,9.735418659669381,325.83965090469076,0.00042531429678784575
383,81.1,787.4872445309603,301.46936259446323,7796.709290619801,6.781807435883416,206.8996487458547,0.0004249450599241352
384,81.3,581.2764730585945,301.46936259446323,5726.599818347229,8.381681305390817,46.96514783965217,0.0004245750775982476
385,81.5,968.1007969997547,301.46936259446323,9530.672317129043,11.106016984692326,785.4987040095859,0.00042420435143310654
386,81.7,606.6647976769341,301.46936259446323,5966.147077424935,7.100092892293577,590.0004022474642,0.0004238328830548983
387,81.9,897.1303580822768,301.46936259446323,8846.88586418579,10.113256242540148,465.6936470049399,0.00042346067409306497
388,82.1,598.7343038055632,301.46936259446323,5934.249545358397,5.042212322906211,53.4267156653934,0.00042308772618029704
389,82.3,652.7044383596491,301.46936259446323,6375.665516629815,12.369557349770158,553.6653131820538,0.00042271404095252667
390,82.5,796.4328538356004,301.46936259446323,7859.874109291092,8.063352015283373,476.4115560937811,0.00042233962004891996
391,82.7,612.8879645709638,301.46936259446323,6067.863498367369,5.820184442732069,56.28227562374539,0.0004219644651118703
392,82.9,796.8961339968222,301.46936259446323,7888.478924768115,7.104200089419329,188.80479198914986,0.00042158857778699065
393,83.1,931.4637143170393,301.46936259446323,9202.774114903614,9.06111975952431,425.03234857983057,0.00042121195972310676
394,83.3,535.8774377240075,301.46936259446323,5242.683211593716,9.205662471276742,480.6898467364135,0.0004208346125722498
395,83.5,679.6951345117004,301.46936259446323,6630.866389453411,13.256726097177577,670.351218868185,0.0004204565379896489
396,83.8,685.5012816852993,301.46936259446323,6738.381087852297,8.756339501451563,581.3664394837839,0.0004200777376337242
397,84.0,577.5586371377663,301.46936259446323,5519.859160552146,20.12484054212217,1089.5751490857865,0.0004196982131660794
398,84.2,773.4476455096845,301.46936259446323,5437.3225747048855,226.7487176347662,593.330375680217,0.0004193179662514944
399,84.4,855.7767966190974,301.46936259446323,8373.12834086076,13.267762422561646,1039.2386807512355,0.0004189369985579182
400,84.6,696.9560085446747,301.46936259446323,6911.596913789709,5.492153772601375,60.83121290913335,0.00041855531175646166
401,84.8,554.5039841643086,301.46936259446323,5482.549891915863,6.00301601268627,49.193665204224764,0.0004181729075213896
402,85.0,622.3961660464605,301.46936259446323,6170.450341807195,5.092297328843011,51.76434983147515,0.0004177897875301142
403,85.2,1143.3242435234565,301.46936259446323,11260.25900035462,12.500275744332207,959.6099785787088,0.00041740595346318723
404,85.4,637.6860273590794,301.46936259446323,6250.3802753548935,9.419589161872864,645.6825679231573,0.00041702140700429263
405,85.6,849.2897044111181,301.46936259446323,8415.371734716826,7.203700167161447,109.76328637864854,0.00041663614984023935
406,85.8,847.8919741665876,301.46936259446323,8351.184274417106,9.601028671971074,634.4989870830818,0.0004162501836609537
407,86.0,864.6310180425644,301.46936259446323,8489.60649716523,12.314996092407792,671.0686196574459,0.00041586351015947227
408,86.2,835.1923976032822,301.46936259446323,8290.26666212882,5.80844517548879,71.45506255714982,0.0004154761310319342
409,86.5,254.9730987681283,254.9730987681283,2506.8081105845395,4.185077486214815,21.44095472936277,0.0004150880479775738
410,86.7,596.4761167852967,254.9730987681283,5837.723802466911,9.60693860495532,619.3536611574667,0.0004146992626987133
411,86.9,967.3341935519819,254.9730987681283,9489.457325502126,12.261339721856293,1225.4213344079476,0.00041430977690075507
412,87.1,911.333574767466,254.9730987681283,8972.124278806426,11.55597096019321,513.0284444932585,0.00041391959229217435
413,87.3,628.5999526977539,254.9730987681283,6218.767395741962,6.436662236849467,57.30839964195534,0.0004135287105845119
414,87.5,394.62481987034835,254.9730987681283,3841.8831258247847,7.346633513768514,617.9728859265646,0.0004131371334923659
415,87.7,873.4481969277064,254.9730987681283,8669.270851834504,6.15124076825601,73.97549194759793,0.0004127448627333852
416,87.9,881.075828993762,254.9730987681283,8732.635890512278,6.846785117078711,193.0905449213805,0.0004123519000282612
417,88.1,708.1294938237579,254.9730987681283,7011.611863886316,5.645111746258205,264.63448414096126,0.00041195824710072056
418,88.3,608.6135385301378,254.9730987681283,6012.578699655003,5.758211696589434,319.4877468126792,0.0004115639056775177
419,88.5,719.9944552271454,254.9730987681283,6971.977209030754,17.38711965084076,1081.9196885515141,0.00041116887748842703
420,88.7,619.1581535427658,254.9730987681283,6079.656501867429,7.731946993757178,692.1110971768697,0.00041077316426623534
421,88.9,800.3694276500631,254.9730987681283,7851.6900523655395,12.308007849587334,578.4781832076885,0.00041037676774673446
422,89.2,543.1916494546114,254.9730987681283,5379.472996090298,4.984722097714742,51.928072434884534,0.00040997968966871356
423,89.4,988.7600691406815,254.9730987681283,9670.909552154717,15.522278556117305,1229.3654446866776,0.00040958193177395124
424,89.6,605.3392430499748,254.9730987681283,5994.483631670199,5.600464600103873,58.0805430677202,0.00040918349580720825
425,89.8,631.6400858781956,254.9730987681283,6176.0387153741385,10.772503707143995,652.7410380751999,0.0004087843835162197
426,90.0,992.5977512995402,254.9730987681283,9710.326086160761,15.80453649273625,1152.1205240090687,0.00040838459665168734
427,90.2,876.0096756882137,254.9730987681283,8583.653760093506,11.668106789942142,1195.2408366909733,0.0004079841369672719
428,90.4,903.2611261032246,254.9730987681283,8890.180654317417,9.471480316585964,954.3174148488928,0.0004075830062195856
429,90.6,860.8722733259201,254.9730987681283,8534.604285902447,6.988483790998106,84.66617436762209,0.0004071812061681841
430,90.8,774.0903777899565,254.9730987681283,7666.758151134131,7.066750182045831,69.5634827790437,0.00040677873857555895
431,91.0,674.9416254140713,254.9730987681283,6692.480900143583,5.387789633538988,61.14810539174963,0.00040637560520712996
432,91.2,1243.36628805708,254.9730987681283,12221.186560485789,15.909724972866199,1067.5784607286807,0.0004059718078312374
433,91.4,611.0300765214143,254.9730987681283,5900.71980595975,14.19586710135142,1352.4460457166035,0.0004055673482191339
434,91.6,620.0351147828279,254.9730987681283,6039.147390320483,13.910641599584508,441.94283468634995,0.0004051622281449774
435,91.9,213.80382978916168,213.80382978916168,2106.458872010586,3.031934137697573,25.200923133779455,0.0004047564493858226
436,92.1,761.7987692488564,213.80382978916168,7421.637512270913,13.211958765983582,1284.6080771552192,0.0004043500137216137
437,92.3,568.8555349420618,213.80382978916168,5575.150982723192,7.960913375571922,675.9022469697176,0.00040394292293517643
438,92.5,705.6398582502648,213.80382978916168,6937.933881535022,8.467726014278552,675.7481149567498,0.0004035351788122101
439,92.7,633.4852300838188,213.80382978916168,6176.843432584847,12.365273104773628,687.1206289132436,0.00040312678314128
440,92.9,420.7790279123518,213.80382978916168,4105.769719641242,7.03985509607527,632.4391750229729,0.00040271773771380923
441,93.1,333.5901747809516,213.80382978916168,3242.6005537151186,5.994338830312093,667.1531380988934,0.0004023080443240712
442,93.3,503.5864631379092,213.80382978916168,4916.610120421206,8.534541478863469,678.182132738608,0.00040189770476918156
443,93.5,996.1434621192791,213.80382978916168,9787.500114200016,11.366600994710568,1205.3676033373233,0.0004014867208490903
444,93.7,750.949612432056,213.80382978916168,7410.159132348718,7.912004762225681,404.3324442881125,0.0004010750943665741
445,93.9,440.00191344155206,213.80382978916168,4342.878949499516,5.480571203761631,46.68233091742904,0.000400662827127228
446,94.1,733.7623532789725,213.80382978916168,7278.331236700493,5.54726834208877,76.38647429148357,0.00040024992093945776
447,94.4,580.6678903323633,213.80382978916168,5691.365370256205,8.192100807472512,667.8437681816242,0.000399836377614472
448,94.6,745.1448636319902,213.80382978916168,7365.828346921338,6.608918993561356,390.61211979830705,0.0003994221989662741
449,94.8,683.3615984607626,213.80382978916168,6722.6984819742265,8.175234896165353,583.2968215412563,0.00039900738681165416
450,95.0,427.72587539531565,213.80382978916168,4173.522347267579,7.1727305385801525,640.1748358585216,0.0003985919429701813
451,95.2,734.2074891461266,213.80382978916168,7190.368060213824,11.71249842202222,691.6373384440386,0.00039817586926419536
452,95.4,633.4701064515997,213.80382978916168,6188.875028323796,11.274858801453203,661.5498231605247,0.0003977591675187993
453,95.6,1084.0978896132222,213.80382978916168,10679.728193725148,11.389686262166059,947.0692074475465,0.0003973418395618509
454,95.8,973.7748666560209,213.80382978916168,9506.709168572668,17.560724916281522,1108.6391156691093,0.0003969238872239545
455,96.0,594.8652799924215,213.80382978916168,5892.535510124156,5.324964267236215,57.35053382096467,0.0003965053123384537
456,96.2,587.046644087191,213.80382978916168,5813.704801099996,5.367463367956656,61.736322464766324,0.0003960861167414229
457,96.4,991.8215698842649,213.80382978916168,9819.57679567431,7.925985424606888,387.5795828059868,0.00039566630227165874
458,96.6,717.3326084702103,213.80382978916168,7081.796420043542,6.879782093895806,454.63920826382105,0.000395245870770673
459,96.8,702.354800414156,213.80382978916168,6930.846597471723,6.702591467786719,513.5072440306345,0.000394824824082684
460,97.0,1087.842635123818,213.80382978916168,10674.37469659111,12.5798003187886,1565.0720241069794,0.0003944031640546085
461,97.2,862.8136201876181,213.80382978916168,8508.930460193644,8.404321719098974,703.2439478768242,0.0003939808925360535
462,97.5,1098.393369021239,213.80382978916168,10774.879267584118,12.496370929258841,1681.810963065536,0.00039355801137930886
463,97.7,836.4011153998198,213.80382978916168,8287.434668603042,6.506556157712583,230.2155537252073,0.0003931345224393378
464,97.9,998.9107648001777,213.80382978916168,9759.12009327362,13.724425903073064,1854.8667582229332,0.0003927104275737703
465,98.1,334.9383784532547,213.80382978916168,3312.335712119385,3.5103279837855585,38.8956447618979,0.00039228572864289366
466,98.3,557.3339208938457,213.80382978916168,5518.23149995837,5.228039375057927,56.545053791116786,0.0003918604275096455
467,98.5,660.4002977344725,213.80382978916168,6368.2248725631725,17.598448064592148,1195.8743305471207,0.0003914345260396043
468,98.7,1214.7345856913814,213.80382978916168,11968.293914670194,11.019672093568024,1377.0987973478104,0.0003910080261009825
469,98.9,448.4106928021819,213.80382978916168,4418.5806562227235,6.311388470508434,48.241981250268445,0.00039058092956461757
470,99.1,1003.0401099920273,213.80382978916168,9939.108129743625,7.175039869767648,390.8462209966448,0.0003901532383039637
471,99.3,373.25674075108986,213.80382978916168,3634.23854471136,6.862480375501844,594.0806107521057,0.000389724954195084
472,99.5,700.9611157885304,213.80382978916168,6896.700337236126,8.089825515393857,640.250737702405,0.00038929607911664224
473,99.7,922.2898854193865,213.80382978916168,9093.870977340748,8.577831224158958,864.9849580040684,0.00038886661494989426
474,99.9,712.8528924827223,213.80382978916168,6988.2012210557305,11.706322012124238,465.2891776561737,0.00038843656357867996
475,100.1,1055.075222103684,213.80382978916168,10294.02808978795,16.890468032271773,1756.3812103713,0.0003880059268894152
476,100.4,743.3205633869877,213.80382978916168,7286.2520627807135,9.611137054584644,1016.8441272488346,0.0003875747067710829
477,100.6,679.4278829936628,213.80382978916168,6632.770122285932,12.816875916940194,666.7888578927076,0.0003871429051152258
478,100.8,719.5359444529922,213.80382978916168,7133.040846908258,5.905537781892,65.25978328563549,0.00038671052381593704
479,101.0,599.7485359951302,213.80382978916168,5895.301952055207,7.191913851985225,605.2826912668016,0.00038627756476985255
480,101.2,571.6705472954998,213.80382978916168,5652.723302014448,6.100866953531901,59.46404321105392,0.00038584402987614256
481,101.4,780.2440051855864,213.80382978916168,7647.289657792559,12.796123425165812,543.7801677032753,0.0003854099210365032
482,101.6,800.6183281253885,213.80382978916168,7923.816273388212,6.799480085019712,287.4428479671478,0.00038497524015514823
483,101.8,464.9285605262827,213.80382978916168,4540.882077092374,7.462951240716158,675.4750110484936,0.00038453998913880064
484,102.0,897.1002747350269,213.80382978916168,8855.709207577838,8.755235954567238,554.8192206665321,0.00038410416989668447
485,102.2,819.0612336397171,213.80382978916168,8065.545879203412,9.12646293198621,676.0309440913023,0.0003836677843405159
486,102.4,733.1870141426722,213.80382978916168,7271.554596374156,5.657117441848472,74.88955918064823,0.0003832308343844956
487,102.6,945.6011233550531,213.80382978916168,9320.896257201279,10.520197418000963,598.2532157544737,0.0003827933219452999
488,102.8,727.0074079654835,213.80382978916168,7135.1820010719475,10.562404517774228,585.3579469698446,0.0003823552489420722
489,103.0,703.2124845407627,213.80382978916168,6922.9874783288,9.77623622505753,227.49895260952138,0.0003819166172964153
490,103.3,603.2690289241297,213.80382978916168,5951.002462967678,7.821563429302639,69.44460397296481,0.00038147742893238204
491,103.5,562.9669371269367,213.80382978916168,5577.179743715735,4.965012828509013,56.7925907947399,0.0003810376857764675
492,103.7,490.047581827199,213.80382978916168,4854.01029889396,4.383579642684372,52.59524952040778,0.0003805973897576003
493,103.9,704.2300532482288,213.80382978916168,6940.467416868166,7.055857724613613,625.4918313379641,0.00038015654280713413
494,104.1,546.1103903364252,213.80382978916168,5344.8524128311765,8.361104170481363,652.8084911858595,0.00037971514685883947
495,104.4,630.765299903022,213.80382978916168,6167.760566195956,10.905586609133968,616.7281827926636,0.00037927320384889486
496,104.6,984.2754875068312,213.80382978916168,9764.619835992102,6.987789909044902,165.14425011034365,0.00037883071571587847
497,104.8,575.7650420709892,213.80382978916168,5561.831979214041,16.621456380243654,592.0706091280337,0.0003783876844007599
498,105.0,836.8775471051534,213.80382978916168,8232.484082444122,9.4376577757023,838.2926600156007,0.00037794411184689114
499,105.2,565.333089903549,213.80382978916168,5603.0382439127125,4.699690620104472,65.91466480714304,0.0003774999999999985
500,105.4,793.4739449686474,213.80382978916168,7762.095751580541,13.024601719997547,847.9545237929733,0.00037705535080817374
501,105.7,618.4932929763088,213.80382978916168,6040.671927137231,11.794990468908239,526.2183200871503,0.00037661016622186585
502,105.9,889.1764533608048,213.80382978916168,8695.323691976568,11.407275023283782,1647.358629262006,0.00037616444819387216
503,106.1,1235.2201484971577,213.80382978916168,12229.796117586946,8.634477076707062,721.2061809433831,0.00037571819867932997
504,106.3,499.3097943685673,213.80382978916168,4932.584106977615,5.7828191695389926,53.70764797705191,0.000375271419635708
505,106.5,435.6963672152272,213.80382978916168,4307.07307348152,4.746295191623546,48.550614030272875,0.00037482411302279783
506,106.7,803.2233703136444,213.80382978916168,7902.540372361739,9.601252962041784,673.6137212735636,0.0003743762808027049
507,107.0,752.1898948969664,213.80382978916168,7335.933255919704,13.30418414539761,1058.4757644423732,0.0003739279249398406
508,107.2,792.086476414292,213.80382978916168,7829.338171234837,7.517066536126314,327.1149583480976,0.0003734790474009131
509,107.4,660.4858489213167,213.80382978916168,6408.327240386219,13.675597566145438,1195.5032424926758,0.00037302965015491876
510,107.6,603.7745166575468,213.80382978916168,5970.639746577652,6.367849146878278,68.53475786138463,0.0003725797351731339
511,107.8,504.041789509632,213.80382978916168,4977.916441387601,4.603781558849193,329.2755977930846,0.00037212930442910564
512,108.0,773.7639944244314,213.80382978916168,7649.511025514592,7.209624939494663,320.6442487416444,0.0003716783598986436
513,108.3,1068.2004156995702,213.80382978916168,10584.486577506143,9.181544983828509,114.03402033558598,0.0003712269035598113
514,108.5,608.9870148411503,213.80382978916168,5977.755109325603,8.030446962073997,636.2090343545984,0.0003707749373929168
515,108.7,628.1671126771856,213.80382978916168,6202.697358157624,6.966216599499738,186.2327890307815,0.00037032246338050505
516,108.9,834.4239308480863,213.80382978916168,8229.439092064069,8.11581078723625,672.8409054102721,0.0003698694835073484
517,109.1,568.2984106187467,213.80382978916168,5558.838761308403,7.823301893693429,918.237084282769,0.00036941599976043817
518,109.3,660.9508512240869,213.80382978916168,6555.878368863215,5.027952688711661,67.0062940650516,0.0003689620141289759
519,109.6,920.4295389784706,213.80382978916168,9095.821333771226,8.299281252755058,509.6204512119293,0.0003685075286043647
520,109.8,1140.046667602327,213.80382978916168,11215.663874230728,12.074455247984993,1281.1672721085724,0.0003680525451802005
521,110.0,981.7392364828675,213.80382978916168,9698.80831685745,8.608080312057778,650.0573970123573,0.0003675970658522632
522,110.2,609.4595641780783,213.80382978916168,5918.777155686032,11.96376160339073,1123.6102984657994,0.0003671410926185078
523,110.4,924.6328979598152,213.80382978916168,9100.827990364145,11.244553468845508,661.1115288911043,0.0003666846274790561
524,110.7,935.4070829815334,213.80382978916168,9255.5378222311,7.494950515252572,471.6695317957136,0.00036622767243618757
525,110.9,1242.8563045086685,213.80382978916168,12289.45570416914,11.786554230584038,424.8282550264288,0.0003657702294943305
526,111.1,192.69117859999338,192.69117859999338,1883.0121032496293,4.219973811396846,33.99722453399941,0.00036531230066005356
527,111.3,689.6620547683151,192.69117859999338,6834.141686321409,5.871521411118684,75.26679304794028,0.0003648538879420565
528,111.5,508.1076803604762,192.69117859999338,5014.814770933102,6.27834791165811,69.56850747708921,0.00036439499335116194
529,111.7,485.10978928760244,192.69117859999338,4764.113570617029,8.38637732134925,62.40951495700412,0.00036393561890030586
530,112.0,649.5792525918396,192.69117859999338,6433.082175101119,5.931206791489212,67.9605007259934,0.00036347576660452957
531,112.2,555.7339164460146,192.69117859999338,5480.113468019499,7.348326144395052,74.84594315069693,0.00036301543848097
532,112.4,1249.26399063181,192.69117859999338,12263.70393493882,14.118919743431938,1754.937059711527,0.00036255463654885167
533,112.6,763.7279745561106,192.69117859999338,7536.016184145929,9.719395624266731,81.38685205689183,0.0003620933628294772
534,112.8,769.2025482389662,192.69117859999338,7551.327121817955,11.103761129909092,593.2129236062368,0.0003616316193462189
535,113.0,474.6048157126815,192.69117859999338,4699.74265707091,4.364484636871903,53.21231143562882,0.0003611694081245095
536,113.2,389.6949566911768,192.69117859999338,3836.005363728989,3.9897239208221436,420.93490016018904,0.00036070673119183356
537,113.4,801.4949355125427,192.69117859999338,7899.755017029743,8.259367726467273,652.0112542487957,0.00036024359057771856
538,113.6,783.3798959343521,192.69117859999338,7762.885974358353,6.675406332369204,83.1803315922066,0.0003597799883137257
539,113.8,477.32121817270917,192.69117859999338,4707.208049683659,6.274984840993528,65.08179195280428,0.0003593159264334414
540,114.0,391.8697128781566,192.69117859999338,3877.0266503846206,3.9485623483304626,43.69385376682988,0.0003588514069724681
541,114.2,968.9167978322065,192.69117859999338,9476.482643036654,18.150272634294296,623.653316506633,0.0003583864319684154
542,114.4,1207.5885994169448,192.69117859999338,11942.127309146303,10.07150470327448,660.867760154936,0.0003579210034608911
543,114.7,898.1209523148007,192.69117859999338,8719.219971295031,18.41200202482718,1557.3849427876648,0.0003574551234914925
544,114.9,936.6934133679779,192.69117859999338,9205.505537121107,9.546418600612217,1319.2869171831344,0.0003569887941037969
545,115.1,678.5322482365149,192.69117859999338,6644.820932289793,11.19990888789848,570.0491545995077,0.0003565220173433532
546,115.3,520.0449362728331,192.69117859999338,5104.917644203813,6.7306575289479005,564.5008708989179,0.0003560547952576727
547,115.5,573.3921777363176,192.69117859999338,5679.782881853205,5.105929524810226,61.58702824733876,0.00035558712989621996
548,115.7,749.1979000480087,192.69117859999338,7367.987986628104,10.260255901901811,427.7623635221411,0.00035511902331040416
549,116.0,505.50987921820746,192.69117859999338,4955.133537958894,7.06227993523633,586.8473752163075,0.00035465047755356963
550,116.2,891.6110839313931,192.69117859999338,8750.89236381236,10.918809060697201,1120.6045202502498,0.0003541814946809875
551,116.4,747.7425605941702,192.69117859999338,7412.552327536599,6.042877740330166,88.88537586176837,0.00035371207674984596
552,116.6,595.7652420202891,192.69117859999338,5893.314992993932,6.097801530802691,67.19064273657622,0.00035324222581924175
553,116.8,689.1196025742424,192.69117859999338,6780.525938168996,8.05722424277553,601.9542160299089,0.00035277194395017095
554,117.0,450.8060098312519,192.69117859999338,4345.4826251594,11.4881820457953,953.9106237535124,0.0003523012332055198
555,117.3,1025.6172702533227,192.69117859999338,10083.476626675714,11.998543059384382,1054.2170193283646,0.00035183009565005615
556,117.6,719.4185866779751,192.69117859999338,7112.824668036291,6.813394166805126,264.5411964080952,0.00035135853335041957
557,117.9,685.0391127047716,192.69117859999338,6730.201815501683,8.243098678412261,755.1621493056969,0.0003508865483751132
558,118.1,422.8189351823595,192.69117859999338,4132.699958187838,6.449442894370468,619.8981134714903,0.0003504141427944939
559,118.4,521.7307029476872,192.69117859999338,5118.28831522084,6.800078789393107,620.3542028533088,0.00034994131868076384
560,118.6,561.4080384439892,192.69117859999338,5440.984814960371,11.168225275145637,1228.2601434036537,0.00034946807810796077
561,118.8,628.8930903496565,192.69117859999338,6226.9452648389115,5.87946038334458,63.81768267242997,0.0003489944231519494
562,119.0,837.0345090715973,192.69117859999338,8263.099216225799,8.595956996635154,425.7206819675587,0.00034852035589041214
563,119.2,693.5103580068659,192.69117859999338,6722.893063407805,12.557900313977841,1732.628353966607,0.0003480458784028399
564,119.5,809.5178204465795,192.69117859999338,7905.827729580303,12.248523394266764,1337.3002129925621,0.0003475709927705231
565,119.7,444.57654660719413,192.69117859999338,4352.834483170399,6.389393872684902,580.7413795170961,0.00034709570107654237
566,119.9,1061.667925618313,192.69117859999338,10485.336097781304,9.59076675220772,708.7138166869128,0.0003466200054057597
567,120.1,883.0357206397587,192.69117859999338,8658.590399876513,13.10352670704877,814.6344088978237,0.0003461439078448091
568,120.4,522.898231625557,192.69117859999338,5088.6230167649965,10.695936816710013,667.9940862920549,0.0003456674104820872
569,120.6,604.402106863481,192.69117859999338,5903.961621309734,10.743697307727954,652.4504491841352,0.0003451905154077447
570,120.8,609.6368641588423,192.69117859999338,5960.582349841242,11.200281138773319,475.66672712785225,0.00034471322471367667
571,121.0,559.3959681325489,192.69117859999338,5534.172194483931,5.281690111866704,139.4080677738896,0.0003442355404935137
572,121.2,855.5352692206701,192.69117859999338,8450.91651702148,7.958560749336526,497.0126779520953,0.0003437574648426123
573,121.5,1156.520578817085,192.69117859999338,11352.423056381169,13.017730390584028,1652.0997651241444,0.0003432789998580463
574,121.7,922.6189528968599,192.69117859999338,9102.079480641694,8.597156988249886,762.762247438784,0.00034280014763859724
575,121.9,638.5870414928154,192.69117859999338,6271.883847816123,9.534736116727194,372.7818000493226,0.000342320910284745
576,122.1,394.1632799351657,192.69117859999338,3828.4458154657923,8.214503663557547,620.8375999574308,0.00034184128989865934
577,122.3,812.3247738635099,192.69117859999338,8044.510843870265,6.943130890528361,186.1112333138784,0.00034136128858418984
578,122.5,1095.6359671045232,192.69117859999338,10784.673276468007,12.162361939748129,1001.2539845660881,0.0003408809084468571
579,122.8,923.5358782653456,192.69117859999338,8989.945805882415,15.746248986985949,1759.0097133583492,0.00034040015159384336
580,123.0,661.8574646843804,192.69117859999338,6491.432809262088,8.272385336734631,888.3538285096487,0.00033991902013398345
581,123.2,1165.8278874688679,192.69117859999338,11474.093657859774,12.093635082244873,1264.9630576946117,0.0003394375161777553
582,123.4,707.6655386509718,192.69117859999338,6939.423247307539,11.597019230877912,425.23798081609937,0.0003389556418372709
583,123.7,627.0467240236424,192.69117859999338,6200.226102423061,6.605060228595027,83.80522010944507,0.0003384733992262668
584,123.9,426.7069358913987,192.69117859999338,4208.748461911524,4.890727268324958,188.2719419620655,0.00033799079046009504
585,124.1,513.4427724281946,192.69117859999338,5019.329615769011,8.342170110455266,633.5286296561912,0.00033750781765571377
586,124.3,857.2829600395979,192.69117859999338,8488.993771702879,7.891466825096695,98.41443926316721,0.000337024482931678
587,124.5,583.6932288805643,192.69117859999338,5728.024436658456,7.777671557885629,622.6187981234657,0.0003365407884081303
588,124.8,887.6588760128727,192.69117859999338,8676.089967647913,14.358130304901689,1138.3476214320572,0.0003360567362067916
589,125.0,721.2296841541926,192.69117859999338,7067.134320275237,11.681944030302542,566.857371268449,0.00033557232845095146
590,125.2,814.9348170006716,192.69117859999338,8067.439336022017,7.705634805891249,97.04665378287986,0.00033508756726545946
591,125.4,633.0424573553933,192.69117859999338,6216.475281350315,8.132760502673962,652.4377369880676,0.0003346024547767153
592,125.6,494.3896999844798,192.69117859999338,4798.101065534408,8.46990560160743,1221.9333267035308,0.0003341169931126597
593,125.9,608.9287405278948,192.69117859999338,5905.726611332485,15.040160280686838,663.1809409106219,0.0003336311844027649
594,126.1,697.0711565415064,192.69117859999338,6883.804869191238,6.69728829242565,398.67247388097974,0.00033314503077802577
595,126.3,490.4313418732749,192.69117859999338,4819.2605040717735,6.774123227154767,346.2318836936244,0.0003326585343709498
596,126.5,798.226225371714,192.69117859999338,7797.553783138317,13.408786720699734,1012.4115376030958,0.0003321716973155483
597,126.8,607.1433042376129,192.69117859999338,5984.8295535528,6.673727768438834,397.3196239383132,0.00033168452174732677
598,127.0,593.9802465880358,192.69117859999338,5879.688164014231,5.601391355196635,82.00730765307391,0.00033119700980327563
599,127.2,793.3564705274723,192.69117859999338,7854.070841263014,7.523692894864966,85.13403442170885,0.00033070916362186074
600,127.4,433.20011860352975,192.69117859999338,4259.060165899219,5.869407759772407,284.93558912807043,0.00033022098534301415
601,127.6,741.2421415691023,192.69117859999338,7296.384559331669,8.222793799859506,676.1770090880217,0.00032973247710812466
602,127.9,568.3707338262487,192.69117859999338,5571.333007816916,7.847256377891258,678.0338018911856,0.0003292436410600283
603,128.1,700.5123523782801,192.69117859999338,6922.7506587589505,6.257261947349265,396.00115564134387,0.0003287544793429992
604,128.3,690.4567916834795,192.69117859999338,6788.481525982557,11.17260690971657,87.207792184971,0.0003282649941027399
605,128.5,248.8182941366125,192.69117859999338,2445.1169090334465,4.0920231739679975,42.91270161558081,0.0003277751874863722
606,128.7,642.0772187444899,192.69117859999338,6309.904278660538,7.880065617737947,641.3402067378715,0.00032728506164242757
607,129.0,931.4463567424704,192.69117859999338,9087.537223023397,15.08801500002543,1520.9180764622158,0.00032679461872083774
608,129.2,796.4865879217783,192.69117859999338,7802.574227715808,13.170847989894726,611.6582145867525,0.00032630386087292526
609,129.4,703.6679067302633,192.69117859999338,6963.464604289719,6.621664157620183,139.9492553869883,0.0003258127902513942
610,129.6,354.9940947250084,192.69117859999338,3505.7588446857753,4.162177037309717,51.2044196040542,0.00032532140901032056
611,129.8,461.5767769018809,192.69117859999338,4532.859946803914,7.702564080556233,117.64464256498549,0.0003248297193051428
612,130.1,1102.8096603110985,192.69117859999338,10707.374904794273,23.23368670763793,1767.6913058757782,0.00032433772329265267
613,130.3,379.6228642772745,192.69117859999338,3675.3873015868444,8.74031753451736,668.7641204109898,0.00032384542313098523
614,130.5,578.6883045611559,192.69117859999338,5722.581952995724,5.781146853058426,129.79172138814573,0.00032335282097960993
615,130.7,991.8686976786013,192.69117859999338,9716.563914210708,15.357310193556327,970.993412344544,0.00032285991899932075
616,130.9,786.912334755615,192.69117859999338,7764.284712907341,8.8457432102274,327.61311950506985,0.0003223667193522269
617,131.2,392.9173818208553,192.69117859999338,3816.4426550801704,8.160819662941826,622.4571828930466,0.00032187322420174335
618,131.4,446.3941768716883,192.69117859999338,4394.59549529133,6.644559087576689,58.01364706180714,0.0003213794357125814
619,131.6,387.82031264128506,192.69117859999338,3811.200536036657,5.483994192547268,243.25506369272867,0.0003208853560507388
620,131.9,185.90098694960275,185.90098694960275,1823.7096946013194,3.3480432298448353,36.3936545142421,0.00032039098738349066
621,132.1,687.3520522294222,185.90098694960275,6728.392835885011,9.228102463263053,1056.9291672441695,0.00031989633187937995
622,132.3,679.4526656689467,185.90098694960275,6723.506109617237,6.045759099501151,211.25634972254434,0.0003194013917082076
623,132.5,329.24767619150657,185.90098694960275,3239.925762568359,4.977249560532747,55.570179533075404,0.00031890616904102346
624,132.7,754.3183789473993,185.90098694960275,7441.524808997081,8.570619578714725,319.04788218604193,0.00031841066605011625
625,133.0,355.9559918200528,185.90098694960275,3501.972839195695,5.485140473754318,54.71163424739131,0.00031791488490900467
626,133.2,619.8842240218763,185.90098694960275,6130.022284407307,6.413709415329827,93.6553078227573,0.0003174188277924273
627,133.4,718.899163056303,185.90098694960275,7018.506307658498,13.811618676892033,647.377672928351,0.0003169224968763334
628,133.6,705.5940463410484,185.90098694960275,6957.205848563049,9.326821097621211,109.32486731034739,0.0003164258943378731
629,133.9,805.0541992364107,185.90098694960275,7851.331189823096,13.790444811185202,1226.1246574896354,0.00031592902235538805
630,134.1,785.9406629138523,185.90098694960275,7727.459881817853,9.384123647654498,762.1096159528803,0.00031543188310840213
631,134.3,756.9238159435766,185.90098694960275,7398.183517732278,10.398565892820004,1341.379745668835,0.000314934478777611
632,134.5,628.4099008772108,185.90098694960275,6092.016562354233,16.20402753794635,600.8431047333611,0.00031443681154487353
633,134.7,975.0700449502027,185.90098694960275,9561.817075982413,11.124896539582146,1552.686589912132,0.0003139388835932017
634,135.0,581.9436235957676,185.90098694960275,5741.006302159141,7.393228001064724,89.95024259885152,0.0003134406971067511
635,135.2,976.6042842600081,185.90098694960275,9566.363894871263,13.485995765085574,1296.378987285826,0.0003129422542708113
636,135.4,939.3413352878006,185.90098694960275,9239.780132845872,10.476845710365861,977.2889727309898,0.00031244355727179656
637,135.6,220.64527553099174,185.90098694960275,2128.2540154926205,7.58809408876631,46.353681016851354,0.0003119446082972358
638,135.9,208.2281779801404,185.90098694960275,1963.7135259158633,9.231921434402466,524.9794371569598,0.00031144540953576347
639,136.1,1007.5039271601925,185.90098694960275,9950.55626372579,10.17487104292269,454.6821858706298,0.00031094596317710944
640,136.3,573.9552015772572,185.90098694960275,5622.217637417355,8.27461760573917,691.7609917146189,0.0003104462714120898
641,136.5,860.1115323658343,185.90098694960275,8371.22983554668,16.889909081988865,1219.730712837643,0.0003099463364325972
642,136.7,644.3831510808733,185.90098694960275,6282.114684117337,12.820273756980896,670.2777243278645,0.0003094461604315909
643,137.0,758.6775215246059,185.90098694960275,7474.405189340037,7.956403264292964,656.1157036710669,0.00030894574560308766
644,137.2,559.2847529870493,185.90098694960275,5462.335478883375,9.416800247298347,726.8813170415384,0.0003084450941421517
645,137.4,553.2680139497475,185.90098694960275,5454.187104634941,7.457246272652237,78.4065311131654,0.00030794420824488536
646,137.6,512.8399599481512,185.90098694960275,5019.381573557854,10.532947999459726,73.77345531075089,0.000307443090108419
647,137.9,777.4396152672945,185.90098694960275,7625.167863397963,10.600815962862086,864.3981491018225,0.00030694174193090227
648,138.1,532.7501020696428,185.90098694960275,5212.198218756804,7.949852991987158,716.0837327904171,0.00030644016591149326
649,138.3,766.8286976196148,185.90098694960275,7585.821857134501,7.674826732388249,114.33501657733211,0.0003059383642503499
650,138.5,594.0015642289762,185.90098694960275,5858.158418564884,7.730254036408883,91.09182292443735,0.0003054363391486198
651,138.7,1064.346593591902,185.90098694960275,10382.247092708118,17.996529711617363,1625.0676790696602,0.0003049340928084307
652,139.0,479.4442980686824,185.90098694960275,4679.925089876961,7.795951640164411,731.1663219663832,0.0003044316274328805
653,139.2,933.2070524030262,185.90098694960275,9166.372009696785,13.153734635423731,683.2200939302091,0.0003039289452260286
654,139.4,552.6515640770948,185.90098694960275,5434.548537750211,8.725615324797454,94.22011176745097,0.00030342604839288484
655,139.6,754.1512448213718,185.90098694960275,7372.607998185687,9.541034190743058,1469.8826823411164,0.00030292293913940075
656,139.9,995.618081357744,185.90098694960275,9797.194280696136,11.791627760286685,821.402508603202,0.00030241961967245967
657,140.1,350.82197930636227,185.90098694960275,3384.558191910662,9.954526075610408,482.32525136735705,0.0003019160921998671
658,140.3,756.1075064076317,185.90098694960275,7470.178615475695,8.466103831926981,124.7079137607857,0.0003014123589303409
659,140.5,570.7077593626799,185.90098694960275,5623.522941445311,7.928470973615293,85.39541338108204,0.0003009084220735015
660,140.7,549.7080081922037,185.90098694960275,5415.346969774614,6.7229354558167636,290.0721436606513,0.0003004042838398625
661,141.0,691.3444724436159,185.90098694960275,6783.868951685727,11.855313093573958,220.44956235532408,0.00029989994644082107
662,141.2,485.0838187844665,185.90098694960275,4743.130664054718,7.309732984613489,692.2004106839498,0.00029939541208864754
663,141.4,436.288204908371,185.90098694960275,4252.4060418845875,7.4522233715763795,719.0744279137364,0.00029889068299647655
664,141.6,714.6974862151676,185.90098694960275,7063.339451573789,7.597591448713232,153.18711494516444,0.00029838576137829686
665,141.9,735.1665075222651,185.90098694960275,7178.137046259587,13.550491584671867,760.4660621395817,0.0002978806494489416
666,142.1,730.1182938328495,185.90098694960275,7135.818490250795,12.777876456578573,751.7100222199051,0.0002973753494240789
667,142.3,277.19651150261916,185.90098694960275,2676.543266207532,5.93729590928113,720.978044739476,0.0002968698635202018
668,142.5,786.721752718643,185.90098694960275,7685.033111525078,15.133294772218775,617.0271197954813,0.0002963641939546188
669,142.8,646.2965214914746,185.90098694960275,6344.377923416457,8.06449070683232,758.8430772622427,0.0002958583429454441
670,143.0,988.9523904985851,185.90098694960275,9725.417767069406,11.902970835014626,901.5258794978813,0.0002953523127115876
671,143.2,842.8343141034798,185.90098694960275,8286.2738269315,11.116463087223194,618.0899899094193,0.0002948461054727455
672,143.4,463.96278574290096,185.90098694960275,4562.058302260108,7.312012297135812,88.989711161013,0.00029433972344939047
673,143.7,624.1153852144877,185.90098694960275,6038.211475622047,14.482956594891018,1162.2534321767312,0.0002938331688627618
674,143.9,577.9453658042131,185.90098694960275,5566.3794900493485,14.327772016878482,1395.9246414943977,0.0002933264439348555
675,144.1,716.7856203626703,185.90098694960275,6966.797260045178,11.329462510568124,1755.286811546043,0.0002928195508884154
676,144.3,721.9671912634814,185.90098694960275,7136.483149677377,7.6393173844726,135.90883210853295,0.0002923124919469222
677,144.6,1176.4720325823184,185.90098694960275,11577.243364945192,11.641004434338322,1421.3313748571609,0.00029180526933458454
678,144.8,1028.3238016852627,185.90098694960275,10134.479858787523,11.725598776782,630.0402273601956,0.0002912978852763288
679,145.0,674.706297159195,185.90098694960275,6559.535174184652,11.742259626035336,1402.1015811319705,0.00029079034199778987
680,145.2,364.7462816503313,185.90098694960275,3515.033037515288,10.460320477132443,556.5294707616171,0.0002902826417253008
681,145.4,581.560835816242,185.90098694960275,5731.186642545516,7.867876498787491,114.85959118383902,0.00028977478668588345
682,145.7,851.043513836684,185.90098694960275,8360.026397644093,11.531827913390266,701.8078455483472,0.0002892667791072383
683,145.9,570.1195065533674,185.90098694960275,5518.672906837253,11.26063064734141,1398.3129213121201,0.0002887586212177354
684,146.1,264.69145780581016,185.90098694960275,2593.3441149308173,5.141776248260781,43.05420899391174,0.0002882503152464037
685,146.3,653.9052627263246,185.90098694960275,6420.025290452219,11.206650204128689,139.2144687793873,0.00028774186342292175
686,146.5,1070.9406138481918,185.90098694960275,10454.625517717666,18.842469224223382,1327.1114301946427,0.00028723326797760833
687,146.7,495.4864231436341,185.90098694960275,4865.994135424495,8.319258009945905,113.54997865358989,0.00028672453114141164
688,147.0,530.5438717736138,185.90098694960275,5233.455022870667,6.690471459318091,101.58146685141104,0.0002862156551459004
689,147.2,594.768841319614,185.90098694960275,5873.809093209328,6.841856417832552,109.21030511679473,0.00028570664222325363
690,147.4,277.4351675113042,185.90098694960275,2712.291784014553,5.901050836951645,60.986912435955475,0.0002851974946062512
691,147.6,551.8064119992433,185.90098694960275,5401.37637315387,11.144153965844048,104.91874997704117,0.0002846882145282635
692,147.8,389.7390516863929,185.90098694960275,3830.3345175970485,6.266426616244846,87.83432018315351,0.0002841788042232422
693,148.0,867.5995218488905,185.90098694960275,8516.957782515774,15.005053899906299,179.72871907552084,0.0002836692659257101
694,148.3,608.9079203296591,185.90098694960275,5982.997532354185,8.05695958049209,510.24566230950535,0.00028315960187075143
695,148.5,591.6837632302885,185.90098694960275,5761.897055860884,11.97324733822434,704.1619458463457,0.0002826498142940022
696,148.7,1006.4970731691078,185.90098694960275,9862.08765612115,14.65282338195377,1127.0964251889122,0.0002821399054316399
697,148.9,700.5491638448503,185.90098694960275,6834.340836696879,12.716587879039624,879.6967604955038,0.0002816298775203745
698,149.1,721.8056688838535,185.90098694960275,7041.203877129488,10.972965673164085,1342.4609890955467,0.00028111973279743783
699,149.3,654.078369529159,185.90098694960275,6453.292987819209,8.077000030764827,134.41169677840338,0.00028060947350057433
700,149.5,613.8000455035103,185.90098694960275,6051.556952603989,8.01921357931914,125.02742009692722,0.0002800991018680307
701,149.7,532.4755353397793,185.90098694960275,5163.554067139273,12.207235022827431,782.5785388593321,0.00027958862013854684
702,149.9,300.78563460597286,185.90098694960275,2960.0137974457057,4.490398950046963,58.770641212110164,0.00027907803055134535
703,150.1,1139.4440695577198,185.90098694960275,11210.578675122173,12.381044334835476,1201.028334847203,0.0002785673353461218
704,150.3,432.5910867938289,185.90098694960275,4218.02267200348,6.785451390125133,800.674233145184,0.0002780565367630352
705,150.5,459.81714181988326,185.90098694960275,4444.715646042454,11.903632442156473,688.385205772188,0.0002775456370426983
